/*
Navicat MySQL Data Transfer

Source Server         : db
Source Server Version : 50022
Source Host           : localhost:3306
Source Database       : ershoushu

Target Server Type    : MYSQL
Target Server Version : 50022
File Encoding         : 65001

Date: 2016-04-28 01:54:35
*/

SET FOREIGN_KEY_CHECKS=0;
-- ----------------------------
-- Table structure for `admin`
-- ----------------------------
DROP TABLE IF EXISTS `admin`;
CREATE TABLE `admin` (
  `ID` int(11) NOT NULL,
  `LOGINNAME` varchar(50) collate utf8_bin default NULL,
  `LOGINPSW` varchar(50) collate utf8_bin default NULL,
  `USERNAME` varchar(50) collate utf8_bin default NULL,
  `USERTYPE` varchar(10) collate utf8_bin default NULL,
  `CREATETIME` varchar(50) collate utf8_bin default NULL,
  PRIMARY KEY  (`ID`)
) ENGINE=InnoDB DEFAULT CHARSET=utf8 COLLATE=utf8_bin;

-- ----------------------------
-- Records of admin
-- ----------------------------
INSERT INTO `admin` VALUES ('4', 'admin', '123456', null, null, '2016-04-24 10:04:07');

-- ----------------------------
-- Table structure for `board`
-- ----------------------------
DROP TABLE IF EXISTS `board`;
CREATE TABLE `board` (
  `ID` int(11) NOT NULL auto_increment,
  `USERNAME` varchar(30) default NULL,
  `CREATETIME` timestamp NULL default CURRENT_TIMESTAMP on update CURRENT_TIMESTAMP,
  `CONTENT` varchar(900) default NULL,
  PRIMARY KEY  (`ID`)
) ENGINE=InnoDB DEFAULT CHARSET=utf8;

-- ----------------------------
-- Records of board
-- ----------------------------
INSERT INTO `board` VALUES ('4', 'caocao', '2016-04-25 02:27:38', '我想要计算机书');
INSERT INTO `board` VALUES ('5', null, '2016-04-27 19:56:34', '12');

-- ----------------------------
-- Table structure for `board1`
-- ----------------------------
DROP TABLE IF EXISTS `board1`;
CREATE TABLE `board1` (
  `ID` int(11) NOT NULL auto_increment,
  `USERID` varchar(30) default NULL,
  `USERNAME` varchar(300) default NULL,
  `CREATETIME` varchar(100) default NULL,
  `TITLE` varchar(200) default NULL,
  `CONTENT` varchar(3000) default NULL,
  `IMGPATH` varchar(200) default NULL,
  `TICKETNUM` int(11) default '0',
  PRIMARY KEY  (`ID`)
) ENGINE=InnoDB DEFAULT CHARSET=utf8;

-- ----------------------------
-- Records of board1
-- ----------------------------
INSERT INTO `board1` VALUES ('1', '20', null, '2016-04-27 08:00:20', '12', '12', '', '0');
INSERT INTO `board1` VALUES ('2', '20', null, '2016-04-27 12:14:28', '21', '21', null, '0');
INSERT INTO `board1` VALUES ('3', '20', null, '2016-04-27 12:15:56', '32', '32', null, '0');
INSERT INTO `board1` VALUES ('4', '20', null, '2016-04-27 12:21:37', '12', '12', null, '0');
INSERT INTO `board1` VALUES ('7', '19', null, '2016-04-27 13:19:26', 'gaoshusuanfa', '广告哈哈哈', null, '0');

-- ----------------------------
-- Table structure for `boardreply`
-- ----------------------------
DROP TABLE IF EXISTS `boardreply`;
CREATE TABLE `boardreply` (
  `REPLYID` int(11) NOT NULL auto_increment,
  `BOARDID` varchar(30) default NULL,
  `REPLYUSERID` varchar(30) default NULL,
  `REPLYUSERNAME` varchar(300) default NULL,
  `REPLYTIME` varchar(100) default NULL,
  `REPLYCONTENT` varchar(3000) default NULL,
  PRIMARY KEY  (`REPLYID`)
) ENGINE=InnoDB DEFAULT CHARSET=utf8;

-- ----------------------------
-- Records of boardreply
-- ----------------------------
INSERT INTO `boardreply` VALUES ('2', '3', '21', null, '2016-04-27 12:25:33', '2122');
INSERT INTO `boardreply` VALUES ('3', '4', '21', null, '2016-04-27 12:26:42', '212');
INSERT INTO `boardreply` VALUES ('4', '4', '21', null, '2016-04-27 12:26:54', '2122');
INSERT INTO `boardreply` VALUES ('5', '1', '21', null, '2016-04-27 12:27:20', '212');
INSERT INTO `boardreply` VALUES ('6', '1', '21', null, '2016-04-27 12:27:41', '212');
INSERT INTO `boardreply` VALUES ('7', '7', '19', null, '2016-04-27 13:19:34', '323323');

-- ----------------------------
-- Table structure for `goods`
-- ----------------------------
DROP TABLE IF EXISTS `goods`;
CREATE TABLE `goods` (
  `ID` int(11) NOT NULL auto_increment,
  `NAME` varchar(100) collate utf8_bin default NULL,
  `AUTHOR` varchar(50) collate utf8_bin default NULL,
  `TYPENAME` varchar(100) collate utf8_bin default NULL,
  `TYPEID` varchar(10) collate utf8_bin default NULL,
  `DESCRIPTION` varchar(900) collate utf8_bin default NULL,
  `STATE` varchar(10) collate utf8_bin default NULL,
  `IMGPATH` varchar(200) collate utf8_bin default NULL,
  `FILEPATH` varchar(900) collate utf8_bin default NULL,
  `WEBPATH` varchar(900) collate utf8_bin default NULL,
  `CREATEUSER` varchar(20) collate utf8_bin default NULL,
  `CREATETIME` timestamp NULL default CURRENT_TIMESTAMP,
  `NUM` int(11) default NULL,
  `PRICE` float default '0',
  PRIMARY KEY  (`ID`)
) ENGINE=InnoDB DEFAULT CHARSET=utf8 COLLATE=utf8_bin;

-- ----------------------------
-- Records of goods
-- ----------------------------
INSERT INTO `goods` VALUES ('30', '英语四级资料', null, null, '4', '便宜出售，电话145775333qq24675255', '1', null, null, null, '17', '2016-04-25 02:09:28', '0', '0');
INSERT INTO `goods` VALUES ('31', '计算机学习资料', null, null, '11', '微醒：3543电话14664456663455', '1', null, null, null, '17', '2016-04-25 02:10:50', '0', '0');
INSERT INTO `goods` VALUES ('32', '金瓶梅', null, null, '12', '威信14753567', '1', null, null, null, '17', '2016-04-25 02:13:16', '0', '0');
INSERT INTO `goods` VALUES ('33', '土木工程资料图片', null, null, '3', 'd电话1456753', '1', null, null, null, '19', '2016-04-25 02:26:26', '0', '0');

-- ----------------------------
-- Table structure for `goodstype`
-- ----------------------------
DROP TABLE IF EXISTS `goodstype`;
CREATE TABLE `goodstype` (
  `ID` int(11) NOT NULL auto_increment,
  `TYPENAME` varchar(100) default NULL,
  `CREATEUSER` varchar(100) default NULL,
  `CREATETIME` timestamp NULL default CURRENT_TIMESTAMP on update CURRENT_TIMESTAMP,
  PRIMARY KEY  (`ID`)
) ENGINE=InnoDB DEFAULT CHARSET=utf8;

-- ----------------------------
-- Records of goodstype
-- ----------------------------
INSERT INTO `goodstype` VALUES ('3', '土木工程', null, '2016-04-25 00:58:20');
INSERT INTO `goodstype` VALUES ('4', '外语', null, '2016-04-25 00:58:30');
INSERT INTO `goodstype` VALUES ('11', '计算机', null, '2016-04-25 00:58:05');
INSERT INTO `goodstype` VALUES ('12', '小说', null, '2016-04-25 00:57:53');

-- ----------------------------
-- Table structure for `news`
-- ----------------------------
DROP TABLE IF EXISTS `news`;
CREATE TABLE `news` (
  `ID` int(11) NOT NULL,
  `TITLE` varchar(200) collate utf8_bin default NULL,
  `IMGPATH` varchar(200) collate utf8_bin default NULL,
  `CONTENT` text collate utf8_bin,
  `CREATEUSER` varchar(100) collate utf8_bin default NULL,
  `CREATETIME` varchar(100) collate utf8_bin default NULL,
  PRIMARY KEY  (`ID`)
) ENGINE=InnoDB DEFAULT CHARSET=utf8 COLLATE=utf8_bin;

-- ----------------------------
-- Records of news
-- ----------------------------
INSERT INTO `news` VALUES ('1', '民日报评\"逐步取消漫游费\":能否给出时间表', 'upload/1461521160794.jpg', 0x3C70207374796C653D226D617267696E3A2031656D203070783B2070616464696E673A203070783B20626F726465723A203070783B20666F6E742D73697A653A20313470783B206C696E652D6865696768743A20323670783B20636F6C6F723A207267622835312C2035312C203531293B20666F6E742D66616D696C793A20E5AE8BE4BD932C20417269616C3B223E0D0A09266C6471756F3BE6B091E69C89E68980E591BCEFBC8CE68891E69C89E68980E5BA9426726471756F3BEFBC8CE98090E6ADA5E58F96E6B688E58CBAE59F9FE58685E6898BE69CBAE6BCABE6B8B8E8B4B9EFBC8CE9A1BAE5BA94E6B091E6848FEFBC8CE5A591E59088E6BDAEE6B581E38082E4BD86E99C80E58E98E6B885EFBC8CE4BD95E8B093E98090E6ADA5EFBC8CE883BDE590A6E7BB99E587BAE697B6E997B4E8A1A8EFBC9FE4BD95E8B093E58CBAE59F9FE58685EFBC8CE5A682E4BD95E7958CE5AE9AEFBC9F3247E697B6E4BBA3E79A84E6BCABE6B8B8E8B4B9EFBC8CE5AD98E7BBADE887B3E4BB8AEFBC8CE4B88DE59088E697B6E5AE9CEFBC8CE7A1AEE8AFA5E98080E587BAE58E86E58FB2E8889EE58FB0E4BA86E38082E5A682E69E9CE6ADA5E4BC90E69BB4E5BFABE4B880E4BA9BEFBC8CE4B88EE6B091E6848FE585B1E68CAFE5B0B1E883BDE69BB4E5BCBAE4B880E782B9E380823C2F703E0D0A3C70207374796C653D226D617267696E3A2031656D203070783B2070616464696E673A203070783B20626F726465723A203070783B20666F6E742D73697A653A20313470783B206C696E652D6865696768743A20323670783B20636F6C6F723A207267622835312C2035312C203531293B20666F6E742D66616D696C793A20E5AE8BE4BD932C20417269616C3B223E0D0A09E38080E3808040E4BABAE6B091E697A5E68AA53C2F703E0D0A3C70207374796C653D226D617267696E3A2031656D203070783B2070616464696E673A203070783B20626F726465723A203070783B20666F6E742D73697A653A20313470783B206C696E652D6865696768743A20323670783B20636F6C6F723A207267622835312C2035312C203531293B20666F6E742D66616D696C793A20E5AE8BE4BD932C20417269616C3B223E0D0A09E38080E38080E38090E5B7A5E4BFA1E983A8E59B9EE5BA94266C6471756F3BE58F96E6B688E6898BE69CBAE6BCABE6B8B8E8B4B926726471756F3BEFBC9AE58AA0E5BFABE58F96E6B688E6ADA5E4BC90E38091E68DAE40E5B7A5E4BFA1E5BEAEE68AA5EFBC9AE5B7A5E4BFA1E983A8E69C89E585B3E8B49FE8B4A3E4BABAE4BB8AE697A5E59B9EE5BA94E7A7B0EFBC8CE4B88BE4B880E6ADA5E5B086E68EA8E58AA8E4BC81E4B89AE98090E6ADA5E58F96E6B688E58CBAE59F9FE58685E6898BE69CBAE6BCABE6B8B8E8B4B9EFBC9BE7BBA7E7BBADE59D9AE68C81E794B5E4BFA1E8B584E8B4B9E5B882E59CBAE58C96E696B9E59091EFBC8CE5BC95E5AFBCE68EA8E58AA8E4BC81E4B89AE9878DE782B9E99288E5AFB9E5B09AE69CAAE4BDBFE794A8E5B882E8AF9DE38081E995BFE98094E38081E6BCABE6B8B8E7BB9FE4B880E4BBB7E6A0BCE5A597E9A490E79A84E8BF99E983A8E58886E794A8E688B7E99C80E6B182EFBC8CE588B6E5AE9AE587BAE58FB0E8B584E8B4B9E696B9E6A188EFBC8CE58AA0E5BFABE58F96E6B688E6BCABE6B8B8E8B4B9E6ADA5E4BC90E380823C2F703E0D0A, 'cc', '2016-04-25 02:06:16');
INSERT INTO `news` VALUES ('2', '中科院院士贺福初:40岁授少将', 'upload/1461521202252.jpg', 0x3C70207374796C653D226D617267696E3A203070783B2070616464696E673A203070783B206C6973742D7374796C653A206E6F6E653B20666F6E742D73697A653A20313670783B206C696E652D6865696768743A20333070783B20666F6E742D66616D696C793A2053696D53756E3B20636F6C6F723A207267622834332C2034332C203433293B206F766572666C6F773A2076697369626C652021696D706F7274616E743B223E0D0A09E585A8E5869BE997BBE5908DE79A84E8B4BAE7A68FE5889DEFBC8CE5B0B1E698AFE6B996E58D97E5B8B8E5BEB7E4BABAEFBC8CE8BF91E697A5E4BB96E4BBA5E4B8ADE5A4AEE5869BE5A794E7A791E68A80E5A794E59198E4BC9AE589AFE4B8BBE4BBBBE79A84E696B0E8818CE58AA1E4BAAEE79BB8E38082E69CACE8BDAEE5869BE694B9E5908EEFBC8CE7A791E68A80E5A794E68890E4B8BA3135E4B8AAE5869BE5A794E8818CE883BDE983A8E997A8E4B98BE4B880E380823C2F703E0D0A3C70207374796C653D226D617267696E3A2032337078206175746F203070783B2070616464696E673A203070783B206C6973742D7374796C653A206E6F6E653B20666F6E742D73697A653A20313670783B206C696E652D6865696768743A20333070783B20666F6E742D66616D696C793A2053696D53756E3B20636F6C6F723A207267622834332C2034332C203433293B206F766572666C6F773A2076697369626C652021696D706F7274616E743B223E0D0A09E38080E38080E8B4BAE7A68FE5889DE69C89E5A49AE69C89E5908DEFBC9FE58D81E585ABE5A4A7E4B88AEFBC8CE697B6E4BBBBE5869BE4BA8BE58CBBE5ADA6E7A791E5ADA6E999A2E999A2E995BFE79A84E4BB96EFBC8CE5BD93E98089E4B8ADE5A4AEE58099E8A1A5E5A794E59198E38082E59CA8E5869BE9989FE79A84E4B8ADE5A4AEE5A794E59198E4BC9AE68890E59198E4B8ADEFBC8CE4BB96E5928CE9A9ACE4BC9FE6988EE38081E69DA8E69996E38081E69DA8E5ADA6E5869BEFBC8CE698AFE4BB85E69C89E79A84E59B9BE4BD8D3630E5908EEFBC8CE8A2ABE8AA89E4B8BAE5869BE4B8ADE69CAAE69DA5E4B98BE6989FE38082E6ADA4E5A496EFBC8CE4BB96E8BF98E69C89E4B880E4B8AAE9878DE8A681E8BAABE4BBBDEFBC8CE4B8ADE7A791E999A2E999A2E5A3ABE3808232303031E5B9B4EFBC8CE4BB96E5BD93E98089E999A2E5A3ABE697B6E58FAAE69C893339E5B281EFBC8CE68993E7A0B4E999A2E5A3AB3430E5B281E79A84266C6471756F3BE5A4A9E88AB1E69DBF26726471756F3BEFBC8CE5908DE599AAE4B880E697B6E3808232303032E5B9B4EFBC8CE4BB96E88EB7E5BE97E5B091E5B086E5869BE8A194E697B6EFBC8CE4B99FE58FAAE69C893430E5B281E380823C2F703E0D0A3C70207374796C653D226D617267696E3A2032337078206175746F203070783B2070616464696E673A203070783B206C6973742D7374796C653A206E6F6E653B20666F6E742D73697A653A20313670783B206C696E652D6865696768743A20333070783B20666F6E742D66616D696C793A2053696D53756E3B20636F6C6F723A207267622834332C2034332C203433293B206F766572666C6F773A2076697369626C652021696D706F7274616E743B223E0D0A09E38080E38080E4B88EE4BC97E5A49AE8A18CE4BC8DE587BAE8BAABE79A84E68898E5B086E4B88DE5908CEFBC8CE8B4BAE7A68FE5889DE698AFE5ADA6E88085E4BB8EE5869BE3808231393738E5B9B4EFBC8CE4BB96E88083E585A5E5A48DE697A6E5A4A7E5ADA6E7949FE789A9E7B3BBE38082E8BF99E4B880E5B9B4E585A5E5ADA6E79A84E5A48DE697A6E5ADA6E5AD90E4BABAE6898DE6B58EE6B58EE38082E69D8EE6BA90E6BDAEE8BF9BE585A5E695B0E5ADA6E7B3BBE5B0B1E8AFBBEFBC8CE78E8BE6B2AAE5AE81E8BF9BE585A5E59BBDE99985E694BFE6B2BBE7B3BBE5B0B1E8AFBBEFBC8CE69CB1E6B091E8BF9BE585A5E7BB8FE6B58EE7B3BBE5B0B1E8AFBBE38082E8B4BAE7A68FE5889DE4BB8EE5A48DE697A6E69CACE7A791E6AF95E4B89AE5908EE8BF9BE585A5E5869BE4BA8BE7A791E5ADA6E999A2E694BBE8AFBBE7A195E5A3ABEFBC8CE794B1E6ADA4E5BC80E5A78BE4BA863330E5A49AE5B9B4E79A84E5869BE69785E7949FE6B6AFE380823C2F703E0D0A3C64697620636C6173733D2261643235307832353020664C656674206D61725269673130222069643D226164507022207374796C653D2277696474683A206175746F3B2070616464696E673A20323070782032327078203230707820323370783B20626F726465723A2031707820736F6C696420726762283233352C203233352C20323335293B206D617267696E3A20307078203330707820357078203070783B20666C6F61743A206C6566743B206F766572666C6F773A2068696464656E3B20636F6C6F723A207267622834332C2034332C203433293B20666F6E742D66616D696C793A2053696D53756E3B20666F6E742D73697A653A20313670783B206C696E652D6865696768743A20333070783B223E0D0A09266E6273703B3C2F6469763E0D0A3C70207374796C653D226D617267696E3A2032337078206175746F203070783B2070616464696E673A203070783B206C6973742D7374796C653A206E6F6E653B20666F6E742D73697A653A20313670783B206C696E652D6865696768743A20333070783B20666F6E742D66616D696C793A2053696D53756E3B20636F6C6F723A207267622834332C2034332C203433293B206F766572666C6F773A2076697369626C652021696D706F7274616E743B223E0D0A09E38080E38080E8B4BAE7A68FE5889DE4BABAE7949FE4BCA0E5A587EFBC8C3C6120636C6173733D226C696E6B41626F75742220687265663D22687474703A2F2F636F756E7472792E6875616E7169752E636F6D2F756E697465645F6B696E67646F6D22207374796C653D22636F6C6F723A2072676228362C2035322C20313131293B20746578742D6465636F726174696F6E3A206E6F6E653B20626F726465722D626F74746F6D2D77696474683A203170783B20626F726465722D626F74746F6D2D7374796C653A20646F747465643B20626F726465722D626F74746F6D2D636F6C6F723A2072676228362C2035322C20313131293B206D617267696E3A20307078203570783B2070616464696E673A2030707820307078203270783B20666F6E742D73697A653A20313470783B22207461726765743D225F626C616E6B22207469746C653D22E88BB1E59BBD223EE88BB1E59BBD3C2F613EE3808AE887AAE784B6E3808BE69D82E5BF97E98787E8AEBFE4BB96E5908EE69BBEE680BBE7BB93E98193EFBC9A266C6471756F3BE5A682E69E9CE5B086E4BB96E79A84E7BB8FE58E86E68B8DE68890E794B5E5BDB1EFBC8CE4B880E5AE9AE4BC9AE58D81E58886E7B2BEE5BDA9E3808226726471756F3B3C2F703E0D0A3C70207374796C653D226D617267696E3A2032337078206175746F203070783B2070616464696E673A203070783B206C6973742D7374796C653A206E6F6E653B20666F6E742D73697A653A20313670783B206C696E652D6865696768743A20333070783B20666F6E742D66616D696C793A2053696D53756E3B20636F6C6F723A207267622834332C2034332C203433293B206F766572666C6F773A2076697369626C652021696D706F7274616E743B223E0D0A09E38080E38080E794B1E4BA8EE587BAE8BAABE5869CE5AEB6EFBC8CE8B4BAE7A68FE5889DE79A84E6B182E5ADA6E7949FE6B6AFE5BC82E5B8B8E889B0E99ABEEFBC8CE4BB96E7A9BFE79D80E69F93E889B2E58C96E882A5E8A28BE5819AE79A84E8A1A3E69C8DEFBC8CE68BBFE79D80E788B6E88081E4B9A1E4BAB2E4B880E58886E4B880E58E98E58791E8B5B7E69DA5E79A84E7949FE6B4BBE8B4B9EFBC8CE8B88FE4B88AE6B2AAE4B88AE4B98BE8A18CE38082E5A4A7E5ADA6E6AF95E4B89AE5898DE5A495EFBC8CE4BB96E69BBEE694B6E588B0E8BF87E4B880E5BCA0E58CBFE5908DE6B187E6ACBEE58D95EFBC8CE5908EE69DA5E6898DE5BE97E79FA5EFBC8CE698AFE6AF8DE4BAB2E4BB8EE5AEB6E4B9A1E5AF84E69DA5E79A84E38082E899BDE784B6E58FAAE69C89E4B8A4E58583EFBC8CE58DB4E4BDBFE4BB96E79A84E5BF83E781B5E6849FE588B0E99C87E692BCEFBC9A266C6471756F3BE4B8A4E58583EFBC8CE6AF94E8B5B7E4B880E58D83E4B880E4B887E58583EFBC8CE4B99FE8AEB8E58FAFE4BBA5E8A786E8808CE4B88DE8A781E38082E784B6E8808CEFBC8CE5BE97E588B0E5AE83EFBC8CE6AF8DE4BAB2E58DB4E8A681E79C81E4B88BE5A49AE5B091E88F9CE9A5ADEFBC8CE5A49AE5B091E6B2B9E79B90EFBC9FE5AE83EFBC8CE4B88DE7AE97E698AFE6ACBEEFBC8CE4B88DE883BDE698AFE992B1EFBC8CE5AE83E698AFE4B880E9A297E58585E6BBA1E79D80E6AF8DE788B1E79A84E5BF83E8829DE3808226726471756F3B3C2F703E0D0A, 'cc', '2016-04-25 02:07:02');
INSERT INTO `news` VALUES ('3', '12212', 'upload/1461522226267.jpg', 0x3C703E0D0A09313231323C2F703E0D0A, 'cc', '2016-04-25 02:23:49');

-- ----------------------------
-- Table structure for `newsreply`
-- ----------------------------
DROP TABLE IF EXISTS `newsreply`;
CREATE TABLE `newsreply` (
  `ID` int(11) NOT NULL auto_increment,
  `NEWSID` varchar(10) default NULL,
  `USERNAME` varchar(200) default NULL,
  `STATE` varchar(100) default NULL,
  `CREATETIME` timestamp NULL default CURRENT_TIMESTAMP on update CURRENT_TIMESTAMP,
  `CONTENT` varchar(900) default NULL,
  PRIMARY KEY  (`ID`)
) ENGINE=InnoDB DEFAULT CHARSET=utf8;

-- ----------------------------
-- Records of newsreply
-- ----------------------------
INSERT INTO `newsreply` VALUES ('1', null, '1', '未审核', '2016-04-28 01:02:20', '23');
INSERT INTO `newsreply` VALUES ('2', null, '1', '未审核', '2016-04-28 01:02:37', '2323');
INSERT INTO `newsreply` VALUES ('4', '30', '1', '已审核', '2016-04-28 01:16:44', '12212');

-- ----------------------------
-- Table structure for `note`
-- ----------------------------
DROP TABLE IF EXISTS `note`;
CREATE TABLE `note` (
  `ID` int(11) NOT NULL auto_increment,
  `TITLE` varchar(100) default NULL,
  `CONTENT` text,
  `CREATETIME` timestamp NULL default CURRENT_TIMESTAMP,
  `CREATEUSER` varchar(100) default NULL,
  `CREATEUSERID` varchar(100) default NULL,
  PRIMARY KEY  (`ID`)
) ENGINE=InnoDB DEFAULT CHARSET=utf8;

-- ----------------------------
-- Records of note
-- ----------------------------

-- ----------------------------
-- Table structure for `user`
-- ----------------------------
DROP TABLE IF EXISTS `user`;
CREATE TABLE `user` (
  `ID` int(11) NOT NULL auto_increment,
  `LOGINNAME` varchar(50) collate utf8_bin default NULL,
  `LOGINPSW` varchar(50) collate utf8_bin default NULL,
  `USERNAME` varchar(50) collate utf8_bin default NULL,
  `IMGPATH` varchar(200) collate utf8_bin default NULL,
  `INTERESTS` varchar(900) collate utf8_bin default NULL,
  `JOB` varchar(100) collate utf8_bin default NULL,
  `CONCERN` varchar(100) collate utf8_bin default NULL,
  `SEX` varchar(10) collate utf8_bin default NULL,
  `QQ` varchar(50) collate utf8_bin default NULL,
  `EMAIL` varchar(50) collate utf8_bin default NULL,
  `ADDRESS` varchar(100) collate utf8_bin default NULL,
  `TEL` varchar(50) collate utf8_bin default NULL,
  `EXAMSTATE` varchar(10) collate utf8_bin default NULL,
  `CREATETIME` timestamp NULL default CURRENT_TIMESTAMP,
  PRIMARY KEY  (`ID`)
) ENGINE=InnoDB DEFAULT CHARSET=utf8 COLLATE=utf8_bin;

-- ----------------------------
-- Records of user
-- ----------------------------
INSERT INTO `user` VALUES ('17', '关羽', '123456', null, null, null, null, null, null, null, '11@33.', null, '1223344455', null, '2016-04-24 22:42:17');
INSERT INTO `user` VALUES ('19', 'caocao', '123456', null, null, null, null, null, null, null, '134@163.com', null, '1457443223', null, '2016-04-25 02:24:39');
INSERT INTO `user` VALUES ('20', '1', '1', null, null, null, null, null, null, null, '1', null, '1', null, '2016-04-27 19:54:05');
INSERT INTO `user` VALUES ('21', '2', '2', null, null, null, null, null, null, null, '2', null, '2', null, '2016-04-28 00:24:15');
